{
    "accuracy": 0.56,
    "precision": 0.55,
    "recall": 0.4583333333333333,
    "auc": 0.6402243589743589
}